Year,Count,Mean,Standard Deviation,Minimum,Median,Maximum
1363,1939,104263.97730789066,71273.607861305,1021,91212.0,234093
1364,2060,110502.74854368932,75084.38951012185,1013,94101.5,234175
1365,408,87629.79166666667,67179.87778675232,1010,73539.5,234017
1366,,,,,,
1367,,,,,,
1368,698,103989.49140401147,74516.96709472507,1004,94061.5,234052
