Year,Count,Mean,Standard Deviation,Minimum,Median,Maximum
1363,1939.0,24567.580078125,53512.90625,0.0,0.0,480000.0
1364,2060.0,20810.935546875,45340.3515625,0.0,0.0,375000.0
1365,408.0,23931.46484375,53023.640625,0.0,0.0,408000.0
1366,,,,,,
1367,,,,,,
1368,698.0,52769.7421875,86581.6328125,0.0,9000.0,850000.0
