Year,Count,Mean,Standard Deviation,Minimum,Median,Maximum
1363,1939.0,397009.375,245198.859375,0.0,412200.0,2347200.0
1364,2060.0,436671.75,359183.8125,2800.0,450000.0,9531072.0
1365,408.0,467399.03125,435862.5,15000.0,490140.0,7573900.0
1366,,,,,,
1367,,,,,,
1368,698.0,596092.625,311036.375,0.0,615174.0,1745186.0
