Year,Count,Mean,Standard Deviation,Minimum,Median,Maximum
1383,487,105112.40246406572,0.4908987372240097,105112,105112.0,105113
1384,,,,,,
1385,,,,,,
1386,,,,,,
1387,,,,,,
1388,,,,,,
1389,,,,,,
1390,,,,,,
1391,,,,,,
1392,,,,,,
1393,,,,,,
1394,,,,,,
1395,,,,,,
1396,,,,,,
1397,,,,,,
1398,,,,,,
1399,,,,,,
1400,,,,,,
1401,,,,,,
