Year,Count,Mean,Standard Deviation,Minimum,Median,Maximum
1363,1939.0,421576.9375,267302.5,0.0,432320.0,2347200.0
1364,2060.0,457482.6875,371379.375,2800.0,471872.0,9683472.0
1365,408.0,491330.46875,446704.96875,15000.0,511752.0,7573900.0
1366,,,,,,
1367,,,,,,
1368,698.0,648862.375,346502.5,0.0,674060.0,1972000.0
