Column,Missing_Count,Availability_Ratio,Data_Type,Unique_Values,Frequent_Values
Address,0,100.0,integer,37710,12301277442: 89; 11601193231: 87; 12301273344: 84
DYCOL01,0,100.0,integer,222,"11731: 35,477; 11724: 34,965; 11732: 33,808"
DYCOL02,0,100.0,integer,8,"1: 1,057,531; 2: 9,673; 7: 8,936"
DYCOL03,786931,27.508210161716008,integer,670,"500: 136,998; 0: 22,008; 800: 21,487"
DYCOL04,266515,75.44873773081724,integer,161,"1: 249,219; 2: 193,735; 3: 97,233"
DYCOL05,0,100.0,integer,3942,"0: 97,789; 150000: 62,910; 200000: 56,545"
DYCOL06,0,100.0,integer,7093,"600000: 63,291; 300000: 50,433; 500000: 47,633"
