Year,Count,Mean,Standard Deviation,Minimum,Median,Maximum
1363,1627,599.7879532882606,316.7190484065414,22,589.0,999
1364,1781,596.1746209994385,320.0423257584734,13,589.0,999
1365,334,548.4011976047905,327.67832977841124,23,589.0,999
1366,,,,,,
1367,,,,,,
1368,596,536.3557046979865,324.4972545638909,31,552.0,999
