Column,Missing_Count,Availability_Ratio,Data_Type,Unique_Values,Frequent_Values
Address,0,100.0,integer,37582,21404548333: 63; 11015132934: 63; 11404179541: 56
DYCOL01,174114,55.509958988642026,string,308,"139113: 16,357; 139116: 11,750; 125313: 9,656"
DYCOL02,345090,11.821747518237913,integer,211,"1: 14,687; 2: 13,119; 3: 6,182"
DYCOL03,387561,0.969452287564998,string,475,بانک: 572; ملي: 314; بانک ملي: 287
DYCOL04,0,100.0,integer,9,"1: 346,638; 8: 28,808; 5: 8,552"
DYCOL05,862,99.7797396225933,integer,12249,"2000000: 17,946; 1000000: 16,735; 3000000: 13,915"
DYCOL06,389875,0.3781732697934137,integer,243,500000000: 48; 3000000: 46; 1500000000: 46
