Column,Missing_Count,Availability_Ratio,Data_Type,Unique_Values,Frequent_Values
Address,0,100.0,integer,37883,12501316738: 10; 12501316137: 10; 12501309232: 10
DYCOL01,0,100.0,integer,33,"45111: 34,251; 44111: 33,531; 45211: 30,589"
DYCOL02,154021,2.427575022330908,integer,111,1000000000: 477; 500000000: 462; 300000000: 317
DYCOL03,30537,80.65478641520909,integer,9,"1: 123,041; 8: 3,549; 2: 317"
DYCOL04,0,100.0,integer,2034,"500000: 8,264; 300000: 7,393; 400000: 6,630"
