Column,Missing_Count,Availability_Ratio,Data_Type,Unique_Values,Frequent_Values
Address,0,100.0,integer,2663,20218412744: 8; 21401545238: 7; 20708467736: 6
DYCOL01,0,100.0,integer,48,33190: 928; 33214: 572; 33112: 169
DYCOL02,0,100.0,integer,4,"1: 2,983; 0: 186; 8: 39"
DYCOL03,175,94.54658772203179,integer,340,200000000: 126; 50000000: 121; 100000000: 118
DYCOL04,2920,9.005920847616078,integer,116,1000000000: 9; 150000000: 9; 400000000: 9
